date,metric,model,forecast,lower,upper
2026-06-01,bookings,Prophet,3560.401824263324,2595.7417989733867,4679.318753601096
2026-06-02,bookings,Prophet,3553.9135905442135,2453.554968474703,4605.011206363773
2026-06-03,bookings,Prophet,3552.6289131372555,2511.1347870446507,4632.758026538309
2026-06-04,bookings,Prophet,3549.9182095736037,2511.9845702666944,4587.920190478702
2026-06-05,bookings,Prophet,3532.7072282021763,2468.300052572452,4636.434031183146
2026-06-06,bookings,Prophet,4368.360261942244,3278.6632062815615,5537.1911788583575
2026-06-07,bookings,Prophet,4343.8748606378595,3210.013340791435,5461.791803586399
2026-06-08,bookings,Prophet,3504.755965806321,2391.3611215048954,4635.2784228096725
2026-06-09,bookings,Prophet,3498.2677320876805,2400.9511380469344,4618.155401898683
2026-06-10,bookings,Prophet,3496.983054680875,2447.8934445096193,4590.483156853339
2026-06-11,bookings,Prophet,3494.2723511169625,2393.4287816041488,4514.25743871927
2026-06-12,bookings,Prophet,3477.0613697438853,2368.5356103476074,4525.58919012225
2026-06-13,bookings,Prophet,4312.714403485333,3193.507414975181,5393.634586230186
2026-06-14,bookings,Prophet,4288.229002181955,3252.873590733612,5357.651301326846
2026-06-15,bookings,Prophet,3449.110107349955,2370.2654339496876,4600.820214035704
2026-06-16,bookings,Prophet,3442.621873631523,2382.512523972989,4509.516084658476
2026-06-17,bookings,Prophet,3441.337196224442,2394.2126997627893,4555.802471915601
2026-06-18,bookings,Prophet,3438.6264926606214,2353.575943356377,4494.721762527201
2026-06-19,bookings,Prophet,3421.4155112880535,2384.5804039063996,4482.206846762002
2026-06-20,bookings,Prophet,4257.06854502607,3198.8669974233117,5364.6391877909755
2026-06-21,bookings,Prophet,4232.583143724514,3042.0718259371997,5374.003399060046
2026-06-22,bookings,Prophet,3393.4642488929485,2275.2446029244365,4501.125929367969
2026-06-23,bookings,Prophet,3386.976015174441,2216.1952192211065,4496.695066972196
2026-06-24,bookings,Prophet,3385.6913377680266,2281.689514602869,4486.806216910872
2026-06-25,bookings,Prophet,3382.980634203674,2309.829395393464,4487.545454594993
2026-06-26,bookings,Prophet,3365.7696528316346,2221.3116038907965,4492.453389823689
2026-06-27,bookings,Prophet,4201.422686570668,3085.2068445614937,5295.735149503183
2026-06-28,bookings,Prophet,4176.937285270243,3080.5314395689907,5349.4636058130445
2026-06-29,bookings,Prophet,3337.818390436583,2304.1401320640075,4453.4911379748155
2026-06-30,bookings,Prophet,3331.330156718281,2248.3223888346347,4380.098757375551
2026-07-01,bookings,Prophet,3330.0454793116105,2216.8469101348464,4384.539360710167
2026-07-02,bookings,Prophet,3327.3347757473357,2119.330274350026,4454.430204448434
2026-07-03,bookings,Prophet,3310.123794375803,2202.4198478083285,4379.063761035352
2026-07-04,bookings,Prophet,4145.776828115266,2964.2874739499657,5262.721168230743
2026-07-05,bookings,Prophet,4121.291426813573,2945.0845502083903,5231.812890604702
2026-07-06,bookings,Prophet,3282.1725319789466,2123.8657909431986,4354.47912728974
2026-07-07,bookings,Prophet,3275.684298262121,2092.907972621125,4435.755192704577
2026-07-08,bookings,Prophet,3274.3996208552276,2114.7697694489825,4419.0980731236
2026-07-09,bookings,Prophet,3271.6889172915876,2090.0161272600567,4475.457241864077
2026-07-10,bookings,Prophet,3254.4779359193863,2092.5514537447225,4416.409752184275
2026-07-11,bookings,Prophet,4090.1309696591093,2981.8831858761314,5291.462749867289
2026-07-12,bookings,Prophet,4065.645568356897,2970.579845831328,5181.896110740626
2026-07-13,bookings,Prophet,3226.5266735225778,2116.3773102740824,4413.754054639284
2026-07-14,bookings,Prophet,3220.0384398050414,2110.9808160004086,4365.717845125799
2026-07-15,bookings,Prophet,3218.7537623988496,2002.3275203809617,4378.682414823718
2026-07-16,bookings,Prophet,3216.043058834941,2048.821634698577,4415.1186044903725
2026-07-17,bookings,Prophet,3198.832077462269,1901.4627558344685,4253.337072987241
2026-07-18,bookings,Prophet,4034.4851112029555,2812.1107248692265,5187.276930995187
2026-07-19,bookings,Prophet,4009.9997098994563,2882.415127626976,5155.948548012468
2026-07-20,bookings,Prophet,3170.8808150680347,2018.1661476646093,4400.367284223662
2026-07-21,bookings,Prophet,3164.3925813485084,1973.3297288851234,4263.998139587666
2026-07-22,bookings,Prophet,3163.1079039424317,1929.301068356822,4298.497421270657
2026-07-23,bookings,Prophet,3160.3972003782997,1949.2546840885907,4413.514432142132
2026-07-24,bookings,Prophet,3143.186219005849,1933.961562518881,4311.07760250233
2026-07-25,bookings,Prophet,3978.839252744447,2745.6237725382716,5228.478767193732
2026-07-26,bookings,Prophet,3954.3538514420125,2635.393764390036,5085.406698797035
2026-07-27,bookings,Prophet,3115.234956611031,1912.2030638331614,4432.317085581873
2026-07-28,bookings,Prophet,3108.746722892722,1779.9820444572586,4287.2436515475365
2026-07-29,bookings,Prophet,3107.462045486016,1866.1327858602979,4323.483645172323
2026-07-30,bookings,Prophet,3104.7513419219636,1770.8559568809167,4334.689369075638
2026-07-31,bookings,Prophet,3087.5403605500182,1819.257804926473,4291.667172637121
2026-08-01,bookings,Prophet,3923.193394289042,2645.455594167726,5208.328569580564
2026-08-02,bookings,Prophet,3898.707992985342,2606.0781177931544,5114.88497783042
2026-08-03,bookings,Prophet,3059.5890981540306,1835.5150066685985,4319.37399535111
2026-08-04,bookings,Prophet,3053.1008644361914,1789.5024485402223,4418.96033248929
2026-08-05,bookings,Prophet,3051.8161870295803,1765.3594542940277,4296.948767381252
2026-08-06,bookings,Prophet,3049.105483465625,1659.2134343003183,4357.542120716855
2026-08-07,bookings,Prophet,3031.894502093601,1749.4295391021626,4246.360464966488
2026-08-08,bookings,Prophet,3867.5475358321337,2548.3192081799502,5174.095845177046
2026-08-09,bookings,Prophet,3843.0621345286672,2542.567931637898,5163.156923028057
2026-08-10,bookings,Prophet,3003.943239699487,1748.4815856175046,4433.277789989009
2026-08-11,bookings,Prophet,2997.4550059800313,1652.4869108206474,4175.496741631104
2026-08-12,bookings,Prophet,2996.170328573203,1763.088997974485,4225.7383578712215
2026-08-13,bookings,Prophet,2993.459625008981,1708.4497358706285,4405.928086641231
2026-08-14,bookings,Prophet,2976.2486436377694,1629.9011409399097,4344.8820031739515
2026-08-15,bookings,Prophet,3811.901677376732,2397.9216658668593,5167.620134852484
2026-08-16,bookings,Prophet,3787.416276074398,2294.2397845133632,5106.220009874833
2026-08-17,bookings,Prophet,2948.2973812424834,1534.089162719149,4357.5218505814
2026-08-18,bookings,Prophet,2941.8091475235015,1588.7058245755086,4349.339686793048
2026-08-19,bookings,Prophet,2940.5244701167467,1453.6312387894227,4388.021605821097
2026-08-20,bookings,Prophet,2937.813766552619,1491.0708885609235,4365.221049472448
2026-08-21,bookings,Prophet,2920.602785179476,1434.0555289345095,4336.007857982266
2026-08-22,bookings,Prophet,3756.2558189205783,2192.619587830091,5213.425849858675
2026-08-23,bookings,Prophet,3731.770417616957,2276.719066310291,5178.689583614213
2026-08-24,bookings,Prophet,2892.651522786115,1470.178243958763,4418.437530960068
2026-08-25,bookings,Prophet,2886.1632890673386,1424.142520300732,4427.008737639716
2026-08-26,bookings,Prophet,2884.878611660366,1396.2802114701633,4395.39745374157
2026-08-27,bookings,Prophet,2882.1679080962836,1301.602756370965,4398.070644118115
2026-08-28,bookings,Prophet,2864.9569267236475,1375.3258097145365,4357.7504739508195
2026-08-29,bookings,Prophet,3700.6099604651736,2238.739934799021,5213.883520447958
2026-06-01,search_demand,Prophet,5925.360563494864,4233.296612864514,7707.142541909185
2026-06-02,search_demand,Prophet,5886.369352212083,3948.3123164189305,7761.855885169445
2026-06-03,search_demand,Prophet,5922.615953068155,4198.600770461294,7767.0706629686765
2026-06-04,search_demand,Prophet,5946.687117313132,4032.5930574730087,7744.5513373256645
2026-06-05,search_demand,Prophet,5892.684621945193,4148.277162810699,7757.528599116933
2026-06-06,search_demand,Prophet,7273.817987535995,5431.933023049174,9117.660618721644
2026-06-07,search_demand,Prophet,7244.963184901075,5414.495556186889,9079.019366495022
2026-06-08,search_demand,Prophet,5830.578474769562,4142.633288824348,7590.867770103589
2026-06-09,search_demand,Prophet,5791.587263487595,3976.889874444959,7512.842486914227
2026-06-10,search_demand,Prophet,5827.833864343966,3961.051897403651,7545.65083164604
2026-06-11,search_demand,Prophet,5851.905028588463,4102.137046868516,7749.97799595897
2026-06-12,search_demand,Prophet,5797.90253321788,3920.426717995137,7535.600068872823
2026-06-13,search_demand,Prophet,7179.035898810903,5252.6532620693015,8890.876656049908
2026-06-14,search_demand,Prophet,7150.18109617763,5323.821084907678,9005.935798663812
2026-06-15,search_demand,Prophet,5735.796386045322,3870.0565890656185,7578.373422666945
2026-06-16,search_demand,Prophet,5696.805174763732,3865.2385767646697,7536.226886954669
2026-06-17,search_demand,Prophet,5733.051775619469,3982.2142515519727,7660.257026960502
2026-06-18,search_demand,Prophet,5757.122939864278,3857.584452628471,7486.980951151157
2026-06-19,search_demand,Prophet,5703.120444494529,3938.797006174973,7667.279508035342
2026-06-20,search_demand,Prophet,7084.253810081838,5244.893067386165,8897.439832829916
2026-06-21,search_demand,Prophet,7055.399007451631,5220.458794106723,8920.698427477702
2026-06-22,search_demand,Prophet,5641.0142973200145,3833.869172198104,7582.037283887545
2026-06-23,search_demand,Prophet,5602.02308603831,3753.3208181504415,7507.852578371719
2026-06-24,search_demand,Prophet,5638.269686895204,3815.5463786487435,7434.739970362252
2026-06-25,search_demand,Prophet,5662.340851139117,3834.937619511324,7485.484317287674
2026-06-26,search_demand,Prophet,5608.3383557702155,3745.0637018401408,7403.06469740923
2026-06-27,search_demand,Prophet,6989.471721359235,5100.041363897461,8882.65018847068
2026-06-28,search_demand,Prophet,6960.616918730896,5106.587259727133,8894.557350218827
2026-06-29,search_demand,Prophet,5546.232208595774,3808.3986309028946,7502.211704012348
2026-06-30,search_demand,Prophet,5507.240997314446,3613.3879559277398,7482.074946089279
2026-07-01,search_demand,Prophet,5543.487598170944,3553.1109843312975,7359.546010822363
2026-07-02,search_demand,Prophet,5567.558762414937,3623.134161644579,7510.669161534099
2026-07-03,search_demand,Prophet,5513.556267046866,3619.4988087539464,7586.343256180864
2026-07-04,search_demand,Prophet,6894.689632636622,4971.145824435995,8900.284272877565
2026-07-05,search_demand,Prophet,6865.834830006173,4973.8168640976055,8730.754871331494
2026-07-06,search_demand,Prophet,5451.450119869414,3630.4836504779864,7249.599536001711
2026-07-07,search_demand,Prophet,5412.458908590583,3595.430863632297,7421.0199499132
2026-07-08,search_demand,Prophet,5448.705509446749,3494.5039475215744,7286.298119062257
2026-07-09,search_demand,Prophet,5472.7766736917565,3535.264724167352,7364.038988645183
2026-07-10,search_demand,Prophet,5418.774178322552,3561.650745049311,7390.491195976191
2026-07-11,search_demand,Prophet,6799.907543912774,4743.69658985119,8520.672895506534
2026-07-12,search_demand,Prophet,6771.052741281452,4771.242479528294,8667.933411055468
2026-07-13,search_demand,Prophet,5356.668031145174,3297.9352206597187,7234.061533401137
2026-07-14,search_demand,Prophet,5317.676819865165,3327.1513447616157,7202.973644350743
2026-07-15,search_demand,Prophet,5353.923420722565,3343.1609830445404,7278.191903034385
2026-07-16,search_demand,Prophet,5377.994584967083,3379.84053304723,7325.51503150484
2026-07-17,search_demand,Prophet,5323.992089597166,3426.6622992939533,7191.7348830488045
2026-07-18,search_demand,Prophet,6705.1254551889215,4703.341356698987,8635.853443329832
2026-07-19,search_demand,Prophet,6676.270652555452,4705.72262687861,8812.138124941574
2026-07-20,search_demand,Prophet,5261.885942424119,3170.011197150083,7251.673916102713
2026-07-21,search_demand,Prophet,5222.894731140674,3245.3923856752967,7217.486136816682
2026-07-22,search_demand,Prophet,5259.141331998299,3202.804254803423,7331.271564204994
2026-07-23,search_demand,Prophet,5283.21249624241,3285.995165301353,7220.417357367717
2026-07-24,search_demand,Prophet,5229.2100008728485,3120.379600606167,7169.240283222486
2026-07-25,search_demand,Prophet,6610.343366461101,4557.73029046833,8654.825743493528
2026-07-26,search_demand,Prophet,6581.488563829453,4545.354144959366,8705.206802112483
2026-07-27,search_demand,Prophet,5167.103853698821,3025.7878544686437,7302.260044397808
2026-07-28,search_demand,Prophet,5128.112642417438,3019.554703772861,7155.294739256744
2026-07-29,search_demand,Prophet,5164.359243274041,3155.7529316984137,7364.6888946893105
2026-07-30,search_demand,Prophet,5188.430407518235,2963.828777809544,7361.763684586477
2026-07-31,search_demand,Prophet,5134.427912149504,3004.1566169958996,7132.711624148995
2026-08-01,search_demand,Prophet,6515.561277738493,4372.561678085061,8574.592490320903
2026-08-02,search_demand,Prophet,6486.706475104736,4367.174883624719,8510.55108998666
2026-08-03,search_demand,Prophet,5072.321764973518,2913.9307324403694,7254.384971207511
2026-08-04,search_demand,Prophet,5033.330553692945,2787.197834046791,7042.028508652486
2026-08-05,search_demand,Prophet,5069.577154549538,2980.6020142561606,7183.301683937771
2026-08-06,search_demand,Prophet,5093.648318794056,2839.9835038551596,7364.261264163841
2026-08-07,search_demand,Prophet,5039.6458234251895,2721.1662155723734,7364.902697717115
2026-08-08,search_demand,Prophet,6420.779189013397,4204.343676667594,8544.824097003964
2026-08-09,search_demand,Prophet,6391.924386380009,4025.929432175557,8515.625049010576
2026-08-10,search_demand,Prophet,4977.539676252468,2766.5690054562606,7183.303148860037
2026-08-11,search_demand,Prophet,4938.548464969081,2611.745163732679,7146.932140896713
2026-08-12,search_demand,Prophet,4974.7950658253485,2670.2368463846806,7181.874550800958
2026-08-13,search_demand,Prophet,4998.866230069383,2720.1078603452756,7257.881692501619
2026-08-14,search_demand,Prophet,4944.863734701845,2733.4528348923077,7272.4735938499325
2026-08-15,search_demand,Prophet,6325.997100290792,4109.3088993644415,8576.424757336454
2026-08-16,search_demand,Prophet,6297.142297659274,3920.284255590611,8513.162434551292
2026-08-17,search_demand,Prophet,4882.757587527164,2491.9384601827737,7022.218482071874
2026-08-18,search_demand,Prophet,4843.766376244594,2539.6173153744417,7049.885005772118
2026-08-19,search_demand,Prophet,4880.012977101013,2525.22741031109,7322.597073678244
2026-08-20,search_demand,Prophet,4904.084141345215,2442.262383505112,7239.325457472392
2026-08-21,search_demand,Prophet,4850.081645974522,2331.671477518188,7157.691897860084
2026-08-22,search_demand,Prophet,6231.21501156694,3664.827992589818,8820.344229724064
2026-08-23,search_demand,Prophet,6202.360208933274,3865.882535866569,8675.982486857998
2026-08-24,search_demand,Prophet,4787.97549880292,2401.961215660917,6981.209938761375
2026-08-25,search_demand,Prophet,4748.984287520725,2294.8448617907743,7096.001770937885
2026-08-26,search_demand,Prophet,4785.230888376819,2153.985703858909,7405.867989628985
2026-08-27,search_demand,Prophet,4809.302052621036,2291.409629509382,7332.994692552926
2026-08-28,search_demand,Prophet,4755.299557251173,2156.1123766107635,7112.2545008107945
2026-08-29,search_demand,Prophet,6136.432922844332,3553.9838309608103,8431.09032905647
2026-06-01,adr,Prophet,148.1038346073599,146.83868273305052,149.40952030887695
2026-06-02,adr,Prophet,148.18743772936145,146.82759609709748,149.53544151174435
2026-06-03,adr,Prophet,148.20468833441876,146.79562981850052,149.4802515089396
2026-06-04,adr,Prophet,148.21341981082853,146.9857405071124,149.55529946560057
2026-06-05,adr,Prophet,148.23756676130017,146.94601253660142,149.55497463299525
2026-06-06,adr,Prophet,148.22575921788624,146.85704143021576,149.64689562765378
2026-06-07,adr,Prophet,148.09643003123173,146.79179945973667,149.41252564212863
2026-06-08,adr,Prophet,148.11130627034757,146.8033062023414,149.4553321860366
2026-06-09,adr,Prophet,148.1949093923491,146.82986836045995,149.6213622020422
2026-06-10,adr,Prophet,148.21215999740645,146.91752480015586,149.4522320824509
2026-06-11,adr,Prophet,148.2208914738162,147.00969342108692,149.4693779936189
2026-06-12,adr,Prophet,148.24503842428774,146.9706814335601,149.4454428622712
2026-06-13,adr,Prophet,148.23323088087378,146.90704698257375,149.4849975638019
2026-06-14,adr,Prophet,148.10390169421936,146.72917128738493,149.46801461522435
2026-06-15,adr,Prophet,148.1187779333353,146.7737015995142,149.47661024995278
2026-06-16,adr,Prophet,148.20238105533682,146.8639949827794,149.47392766152922
2026-06-17,adr,Prophet,148.21963166039416,146.8448103269646,149.57257058537883
2026-06-18,adr,Prophet,148.22836313680384,146.88424133979427,149.5806973047157
2026-06-19,adr,Prophet,148.2525100872754,147.05860646168284,149.59932780020353
2026-06-20,adr,Prophet,148.24070254386174,146.9358049218659,149.53490347481963
2026-06-21,adr,Prophet,148.1113733572069,146.6961404503315,149.4012803282319
2026-06-22,adr,Prophet,148.126249596323,146.83210411258128,149.44524401368204
2026-06-23,adr,Prophet,148.20985271832427,146.91827471043615,149.5590373779631
2026-06-24,adr,Prophet,148.22710332338178,146.89027505459663,149.56722058260297
2026-06-25,adr,Prophet,148.23583479979155,146.80155408284466,149.52365890808673
2026-06-26,adr,Prophet,148.25998175026308,146.98869485712683,149.6229255892419
2026-06-27,adr,Prophet,148.24817420684934,146.82257798797903,149.55988855492745
2026-06-28,adr,Prophet,148.11884502019484,146.83224254032203,149.39752052055866
2026-06-29,adr,Prophet,148.13372125931076,146.90502704535334,149.4555740846326
2026-06-30,adr,Prophet,148.21732438131195,146.87772041459604,149.49432823340214
2026-07-01,adr,Prophet,148.23457498636938,146.8593031007256,149.54463855793824
2026-07-02,adr,Prophet,148.2433064627792,146.8590785656434,149.58165170823656
2026-07-03,adr,Prophet,148.26745341325073,146.97481740092283,149.52790260607622
2026-07-04,adr,Prophet,148.2556458698369,147.05395556855242,149.48281472661594
2026-07-05,adr,Prophet,148.12631668318244,146.84471747647365,149.51705028073093
2026-07-06,adr,Prophet,148.1411929222984,146.76131221021205,149.49958921636443
2026-07-07,adr,Prophet,148.22479604429967,146.9313197422932,149.5260544545493
2026-07-08,adr,Prophet,148.24204664935706,146.89659785747747,149.57776948354442
2026-07-09,adr,Prophet,148.25077812576677,147.02805704714754,149.63815846137584
2026-07-10,adr,Prophet,148.27492507623845,146.82425830496777,149.65795395333046
2026-07-11,adr,Prophet,148.26311753282448,146.94857582275705,149.6687858437129
2026-07-12,adr,Prophet,148.13378834617004,146.8035005096765,149.55396272649853
2026-07-13,adr,Prophet,148.14866458528613,146.7192156829797,149.4627786655167
2026-07-14,adr,Prophet,148.2322677072871,146.84924428485826,149.53998476068347
2026-07-15,adr,Prophet,148.24951831234478,146.87092209391946,149.59928617406436
2026-07-16,adr,Prophet,148.25824978875445,146.92085500888916,149.58583986636233
2026-07-17,adr,Prophet,148.28239673922593,146.98596258203654,149.5634072773214
2026-07-18,adr,Prophet,148.27058919581205,146.85891419618488,149.6390934525739
2026-07-19,adr,Prophet,148.14126000915758,146.8250977887881,149.50951508841172
2026-07-20,adr,Prophet,148.15613624827353,146.8468532329595,149.5110120707577
2026-07-21,adr,Prophet,148.23973937027475,146.84063438319842,149.64985509103101
2026-07-22,adr,Prophet,148.2569899753324,146.840821436355,149.554732288588
2026-07-23,adr,Prophet,148.2657214517421,146.9403685246382,149.6532967814946
2026-07-24,adr,Prophet,148.2898684022136,146.9594703617566,149.5679829121285
2026-07-25,adr,Prophet,148.27806085880005,146.9423193132426,149.63784959384546
2026-07-26,adr,Prophet,148.14873167214515,146.77720611436953,149.4583409958386
2026-07-27,adr,Prophet,148.1636079112612,146.79780393515057,149.51763552582955
2026-07-28,adr,Prophet,148.24721103326254,146.9307434767654,149.6286086466388
2026-07-29,adr,Prophet,148.26446163832,146.90289659149502,149.6676554802214
2026-07-30,adr,Prophet,148.27319311472974,146.8880672686853,149.5946648906636
2026-07-31,adr,Prophet,148.29734006520127,146.89134827636994,149.66113335189266
2026-08-01,adr,Prophet,148.28553252178762,146.8481342105501,149.69544406586175
2026-08-02,adr,Prophet,148.15620333513274,146.76833720224488,149.60574863276474
2026-08-03,adr,Prophet,148.1710795742489,146.70359128936303,149.59412203494253
2026-08-04,adr,Prophet,148.2546826962502,146.7836605692256,149.6640110320614
2026-08-05,adr,Prophet,148.27193330130768,146.78906229198446,149.61744647778517
2026-08-06,adr,Prophet,148.2806647777174,146.90642379800863,149.63887525674122
2026-08-07,adr,Prophet,148.30481172818898,146.8319830652615,149.6994337074945
2026-08-08,adr,Prophet,148.29300418477516,146.83929051195878,149.72521487977883
2026-08-09,adr,Prophet,148.16367499812034,146.77613638031156,149.55664329342912
2026-08-10,adr,Prophet,148.17855123723626,146.71117847791479,149.63188587666568
2026-08-11,adr,Prophet,148.26215435923788,146.76070270372193,149.71190617035109
2026-08-12,adr,Prophet,148.2794049642954,146.80305291189322,149.6483668481816
2026-08-13,adr,Prophet,148.28813644070507,146.831706140987,149.78738145966366
2026-08-14,adr,Prophet,148.31228339117663,146.87835486104944,149.76780750328047
2026-08-15,adr,Prophet,148.30047584776275,146.85789709206296,149.72712991558623
2026-08-16,adr,Prophet,148.17114666110825,146.52524957509956,149.70823914732307
2026-08-17,adr,Prophet,148.18602290022395,146.65496298071116,149.59579358584438
2026-08-18,adr,Prophet,148.26962602222554,146.74561830669947,149.76713825539525
2026-08-19,adr,Prophet,148.28687662728294,146.71867572757108,149.73610140773653
2026-08-20,adr,Prophet,148.29560810369273,146.82329292234158,149.73757945767773
2026-08-21,adr,Prophet,148.31975505416418,146.8258171590945,149.7734950972178
2026-08-22,adr,Prophet,148.30794751075032,146.81625434199006,149.78339040495123
2026-08-23,adr,Prophet,148.17861832409582,146.72182649190702,149.71287997427973
2026-08-24,adr,Prophet,148.19349456321171,146.64136703296478,149.7507566945516
2026-08-25,adr,Prophet,148.27709768521325,146.7738153655739,149.80192170369367
2026-08-26,adr,Prophet,148.29434829027062,146.74285197188803,149.78336121713554
2026-08-27,adr,Prophet,148.30307976668036,146.7034566999351,149.90374550797034
2026-08-28,adr,Prophet,148.32722671715183,146.85351429042032,149.93605741913544
2026-08-29,adr,Prophet,148.31541917373792,146.701998232887,149.79825402429117
2026-06-01,cancellations,Prophet,436.96588436743673,277.7598065100235,579.6959876758166
2026-06-02,cancellations,Prophet,434.4080671928115,295.0461493099517,575.8784169937104
2026-06-03,cancellations,Prophet,435.2820113799803,285.1501695013248,576.3871384333622
2026-06-04,cancellations,Prophet,435.88800743440646,291.67853162090466,592.6582601915325
2026-06-05,cancellations,Prophet,433.7363161964281,282.50341480271584,566.9560171813035
2026-06-06,cancellations,Prophet,531.6230644633987,380.746457592181,680.0836745495089
2026-06-07,cancellations,Prophet,528.8305622429509,383.08740495535665,673.6856319180808
2026-06-08,cancellations,Prophet,431.3138689668127,281.54053393257266,576.5190032439284
2026-06-09,cancellations,Prophet,428.7560517922419,287.59520861615624,584.5880247319865
2026-06-10,cancellations,Prophet,429.62999597943264,287.07168742183745,574.2597797524194
2026-06-11,cancellations,Prophet,430.23599203382645,293.6179523648256,577.0768487409986
2026-06-12,cancellations,Prophet,428.0843007956559,284.5976721578739,583.7342672701088
2026-06-13,cancellations,Prophet,525.9710490627896,369.7607085163944,669.8442621402173
2026-06-14,cancellations,Prophet,523.1785468424553,372.81786929013964,667.7757532577241
2026-06-15,cancellations,Prophet,425.6618535662634,282.6138375904236,573.7704686992734
2026-06-16,cancellations,Prophet,423.1040363917175,271.4765742763649,566.8400775573003
2026-06-17,cancellations,Prophet,423.97798057887184,273.67001618251965,565.5585950148887
2026-06-18,cancellations,Prophet,424.5839766332792,276.94761949896713,574.7392985879021
2026-06-19,cancellations,Prophet,422.43228539516895,283.5973261442296,567.4839283903791
2026-06-20,cancellations,Prophet,520.3190336619037,372.9615132868237,663.9729545694938
2026-06-21,cancellations,Prophet,517.5265314417821,366.8768101315042,663.394897221411
2026-06-22,cancellations,Prophet,420.00983816563934,278.2351029788999,558.1715742276106
2026-06-23,cancellations,Prophet,417.4520209910878,269.0650229694065,557.3977117517315
2026-06-24,cancellations,Prophet,418.3259651783177,270.2599862372864,558.3833030637416
2026-06-25,cancellations,Prophet,418.9319612326665,271.4225070862105,567.4425906944847
2026-06-26,cancellations,Prophet,416.7802699946155,266.1826670677418,567.2068614823088
2026-06-27,cancellations,Prophet,514.6670182614666,364.9226313674965,669.9646240668424
2026-06-28,cancellations,Prophet,511.8745160414767,370.59183493856494,658.9161245800169
2026-06-29,cancellations,Prophet,414.3578227650898,266.08079732139885,558.4280226975204
2026-06-30,cancellations,Prophet,411.80000559056305,263.34487356581684,549.990950801632
2026-07-01,cancellations,Prophet,412.6739497777635,256.8636630347199,554.7596907197913
2026-07-02,cancellations,Prophet,413.2799458321194,255.31907678708518,558.1551705038559
2026-07-03,cancellations,Prophet,411.1282545941285,267.21055747247465,565.3147770365601
2026-07-04,cancellations,Prophet,509.01500286102913,360.9597724193175,661.3153043839746
2026-07-05,cancellations,Prophet,506.22250064089246,350.62444771436697,649.1119663461411
2026-07-06,cancellations,Prophet,408.70580736439166,249.21789465030565,549.2604151395246
2026-07-07,cancellations,Prophet,406.14799019003857,264.78663825616394,547.6328827128541
2026-07-08,cancellations,Prophet,407.0219343772157,256.4813084684063,566.1952544473859
2026-07-09,cancellations,Prophet,407.6279304316418,257.5710695155229,555.4319572312199
2026-07-10,cancellations,Prophet,405.47623919357557,256.60477055193655,555.574415408598
2026-07-11,cancellations,Prophet,503.3629874605058,347.1702702920326,654.2675255028347
2026-07-12,cancellations,Prophet,500.57048524030796,345.90270172506297,644.003454233368
2026-07-13,cancellations,Prophet,403.0537919638423,235.99258300337434,546.3894348275498
2026-07-14,cancellations,Prophet,400.49597478940893,231.77412708620935,554.8447163284453
2026-07-15,cancellations,Prophet,401.3699189766683,255.7651465670603,550.8230978133042
2026-07-16,cancellations,Prophet,401.9759150310616,248.93175951804056,545.5192141385899
2026-07-17,cancellations,Prophet,399.8242237929352,240.27619370568172,549.8623940183578
2026-07-18,cancellations,Prophet,497.7109720599826,345.17721348775814,643.7879849275213
2026-07-19,cancellations,Prophet,494.9184698396348,342.54187902087614,661.8519460853367
2026-07-20,cancellations,Prophet,397.40177656351017,249.28618123639595,553.6281813834084
2026-07-21,cancellations,Prophet,394.8439593888394,249.41657909338042,534.1904439587136
2026-07-22,cancellations,Prophet,395.71790357611417,233.02248219261043,550.1737936296762
2026-07-23,cancellations,Prophet,396.32389963048166,249.3200205198849,543.958060016873
2026-07-24,cancellations,Prophet,394.17220839238183,242.89002863374515,540.3729809690327
2026-07-25,cancellations,Prophet,492.0589566591831,333.6188148158966,634.1229476923265
2026-07-26,cancellations,Prophet,489.2664544389615,334.2868264368286,639.9645185697336
2026-07-27,cancellations,Prophet,391.7497611628864,225.4909402213146,546.2687224275966
2026-07-28,cancellations,Prophet,389.1919439883597,227.68976722113592,541.6282275685185
2026-07-29,cancellations,Prophet,390.06588817555985,240.88672534561957,543.3476178820086
2026-07-30,cancellations,Prophet,390.6718842299347,230.85841929895938,546.889888481414
2026-07-31,cancellations,Prophet,388.5201929918949,234.08507071569716,546.6509870975999
2026-08-01,cancellations,Prophet,486.4069412587455,328.87267902039656,640.2534712750875
2026-08-02,cancellations,Prophet,483.6144390383773,310.1281578572097,633.5270449331264
2026-08-03,cancellations,Prophet,386.09774576226266,221.29057083047329,540.8072258911084
2026-08-04,cancellations,Prophet,383.53992858779,218.67205637293605,538.8049629218258
2026-08-05,cancellations,Prophet,384.4138727749989,210.8188557166729,538.8926716716272
2026-08-06,cancellations,Prophet,385.0198688293877,215.2661403116446,530.9301557727355
2026-08-07,cancellations,Prophet,382.86817759134175,216.79029977611788,559.2032027874371
2026-08-08,cancellations,Prophet,480.7549258581362,322.96048493646725,639.2085500788684
2026-08-09,cancellations,Prophet,477.9624236377929,310.0322050864388,625.4446663013473
2026-08-10,cancellations,Prophet,380.4457303619308,220.8678317233557,541.3795372044082
2026-08-11,cancellations,Prophet,377.8879131872656,205.98274818793618,541.8482593231837
2026-08-12,cancellations,Prophet,378.7618573744516,212.31588501671385,543.9332480143103
2026-08-13,cancellations,Prophet,379.3678534288075,206.4700279596175,541.5420203929766
2026-08-14,cancellations,Prophet,377.2161621908548,214.70946003941393,539.0264942881005
2026-08-15,cancellations,Prophet,475.102910457699,302.27358287400943,642.7810287545306
2026-08-16,cancellations,Prophet,472.31040823748737,288.7493331570454,640.7339854843121
2026-08-17,cancellations,Prophet,374.7937149613067,192.50787592011469,540.0890530348197
2026-08-18,cancellations,Prophet,372.23589778669606,190.5946686408351,547.0303295089816
2026-08-19,cancellations,Prophet,373.1098419738904,188.19437592177775,527.4633183951978
2026-08-20,cancellations,Prophet,373.71583802826416,196.11131666412962,546.2225732208163
2026-08-21,cancellations,Prophet,371.56414679008225,190.35081350135212,545.2023421923534
2026-08-22,cancellations,Prophet,469.4508950571757,301.1732387220697,649.1773994510064
2026-08-23,cancellations,Prophet,466.6583928368142,285.7010457247877,627.2769675806875
2026-08-24,cancellations,Prophet,369.1416995607574,171.86008861592418,539.2037410624351
2026-08-25,cancellations,Prophet,366.5838823861713,193.15843285046023,529.4048576785574
2026-08-26,cancellations,Prophet,367.45782657334274,184.63971330432432,538.1289236483823
2026-08-27,cancellations,Prophet,368.0638226277171,188.22489726502042,555.2030898021887
2026-08-28,cancellations,Prophet,365.9121313895951,165.58414189304568,540.64219220024
2026-08-29,cancellations,Prophet,463.7988796567382,290.9324108962981,636.6161761700664
